{
    "fps": 25,
    "fov": 26.938146558219813,
    "frame_count": 50,
    "near": 0.8999999761581421,
    "far": 7.256950855255127,
    "up": [
        -0.012173408642411232,
        -0.9999229311943054,
        0.002453538356348872
    ],
    "lookat": [
        0,
        0,
        3.036635596272072
    ],
    "limit": [
        0.04240237921476364,
        0.032141175121068954,
        0.04203444719314575
    ]
}