{
    "fps": 25,
    "fov": 41.52628656868107,
    "frame_count": 50,
    "near": 0.8999999761581421,
    "far": 5.133894443511963,
    "up": [
        0.0017810355639085174,
        -0.9998767375946045,
        0.015598722733557224
    ],
    "lookat": [
        0,
        0,
        2.9598096123749786
    ],
    "limit": [
        0.08565923571586609,
        0.025996346026659012,
        0.03257044404745102
    ]
}