{
    "fps": 25,
    "fov": 53.34689881425028,
    "frame_count": 60,
    "near": 0.8999999761581421,
    "far": 14.070076942443848,
    "up": [
        -0.011444794945418835,
        -0.9996975064277649,
        0.021768754348158836
    ],
    "lookat": [
        0,
        0,
        3.13182242072849
    ],
    "limit": [
        0.0893905982375145,
        0.07149331271648407,
        0.015653183683753014
    ]
}