{
    "fps": 25,
    "fov": 52.1619429555231,
    "frame_count": 50,
    "near": 0.8999999761581421,
    "far": 12.196401596069336,
    "up": [
        -0.004016492515802383,
        -0.9999542832374573,
        0.008673246949911118
    ],
    "lookat": [
        0,
        0,
        3.1158404711613636
    ],
    "limit": [
        0.07216940820217133,
        0.0395357720553875,
        0.01404988206923008
    ]
}