{
    "fps": 25,
    "fov": 46.99496290501641,
    "frame_count": 50,
    "near": 0.8999999761581421,
    "far": 7.561005592346191,
    "up": [
        -0.00159154471475631,
        -0.9999935626983643,
        -0.003220324870198965
    ],
    "lookat": [
        0,
        0,
        3.044319682433226
    ],
    "limit": [
        0.05756836757063866,
        0.04026785120368004,
        0.010558157227933407
    ]
}