{
    "fps": 25,
    "fov": 54.2779492207714,
    "frame_count": 50,
    "near": 0.8999999761581421,
    "far": 11.889917373657227,
    "up": [
        -0.004522170405834913,
        -0.9999893307685852,
        0.000949075270909816
    ],
    "lookat": [
        0,
        0,
        3.112765716439262
    ],
    "limit": [
        0.07960672676563263,
        0.03262737765908241,
        0.003597276285290718
    ]
}