{
    "fps": 25,
    "fov": 37.485833523646676,
    "frame_count": 60,
    "near": 0.8999999761581421,
    "far": 8.7936372756958,
    "up": [
        -0.00835796445608139,
        -0.9991396069526672,
        0.04062207043170929
    ],
    "lookat": [
        0,
        0,
        3.0703122559155394
    ],
    "limit": [
        0.1773270070552826,
        0.07378765195608139,
        0.046083588153123856
    ]
}