{
    "fps": 25,
    "fov": 36.38513829361536,
    "frame_count": 60,
    "near": 0.8999999761581421,
    "far": 7.949572563171387,
    "up": [
        -0.012490762397646904,
        -0.9996765851974487,
        -0.02215418592095375
    ],
    "lookat": [
        0,
        0,
        3.053333282214712
    ],
    "limit": [
        0.17943084239959717,
        0.09780683368444443,
        0.10558587312698364
    ]
}