{
    "fps": 25,
    "fov": 52.17059680520152,
    "frame_count": 60,
    "near": 0.8999999761581421,
    "far": 8.674932479858398,
    "up": [
        0.008541327901184559,
        -0.9996163249015808,
        0.026349520310759544
    ],
    "lookat": [
        0,
        0,
        3.068113490789638
    ],
    "limit": [
        0.12293926626443863,
        0.05540674552321434,
        0.054293304681777954
    ]
}