{
    "fps": 25,
    "fov": 56.13729746757812,
    "frame_count": 50,
    "near": 0.8999999761581421,
    "far": 13.301851272583008,
    "up": [
        0.024542583152651787,
        -0.9974566102027893,
        -0.06691751629114151
    ],
    "lookat": [
        0,
        0,
        3.1257950328638344
    ],
    "limit": [
        0.3159013092517853,
        0.18778042495250702,
        0.10059729963541031
    ]
}