{
    "fps": 25,
    "fov": 65.23847672529593,
    "frame_count": 50,
    "near": 0.8999999761581421,
    "far": 16.563720703125,
    "up": [
        -0.0010912620928138494,
        -0.9995074272155762,
        0.031363580375909805
    ],
    "lookat": [
        0,
        0,
        3.147644153909086
    ],
    "limit": [
        0.09495886415243149,
        0.09697519987821579,
        0.09361330419778824
    ]
}