{
    "fps": 25,
    "fov": 42.84357734257724,
    "frame_count": 50,
    "near": 0.8999999761581421,
    "far": 26.674169540405273,
    "up": [
        -0.027081914246082306,
        -0.9989062547683716,
        0.03811676800251007
    ],
    "lookat": [
        0,
        0,
        3.1820238431813728
    ],
    "limit": [
        0.1875516027212143,
        0.14024369418621063,
        0.11412657797336578
    ]
}