{
    "fps": 25,
    "fov": 41.132399804530195,
    "frame_count": 50,
    "near": 0.8999999761581421,
    "far": 18.89883804321289,
    "up": [
        -0.03278415650129318,
        -0.9994421601295471,
        0.006373415235430002
    ],
    "lookat": [
        0,
        0,
        3.1587694228900873
    ],
    "limit": [
        0.28142085671424866,
        0.15795251727104187,
        0.09604434669017792
    ]
}