{
    "fps": 25,
    "fov": 61.69581469716121,
    "frame_count": 60,
    "near": 0.8999999761581421,
    "far": 15.568591117858887,
    "up": [
        0.0008450723253190517,
        -0.9999703168869019,
        0.007663562428206205
    ],
    "lookat": [
        0,
        0,
        3.141919564051661
    ],
    "limit": [
        0.11086156219244003,
        0.08967984467744827,
        0.054673802107572556
    ]
}