{
    "fps": 25,
    "fov": 61.50073083408731,
    "frame_count": 50,
    "near": 0.8999999761581421,
    "far": 45.31697463989258,
    "up": [
        0.014072523452341557,
        -0.9998617768287659,
        0.008850990794599056
    ],
    "lookat": [
        0,
        0,
        3.2056213627892944
    ],
    "limit": [
        0.31453439593315125,
        0.1382042020559311,
        0.0489761158823967
    ]
}