{
    "fps": 25,
    "fov": 43.33199733993568,
    "frame_count": 50,
    "near": 0.8999999761581421,
    "far": 9.367756843566895,
    "up": [
        0.055944446474313736,
        -0.9965309500694275,
        -0.061613716185092926
    ],
    "lookat": [
        0,
        0,
        3.080198942455872
    ],
    "limit": [
        0.18376731872558594,
        0.07569194585084915,
        0.05475468188524246
    ]
}